name,market,label,stage5_sec,stage5_price,t_price,t_to_stage5_pct,attempts,value10,bid10,ask10,net10,bid_ratio,trades10,active_seconds10,bid_active_seconds10,max_second_concentration,value_per_trade,net_per_trade,rise3_pct,high_ticks3,last_ticks3,retrace_ticks3,high_hold_ratio,move_pct_per_value_m,move_pct_per_net_m,ticks_per_value_m,ticks_per_net_m
KRW-ANKR,KRW-ANKR,success,1788393602,5.57,5.46,2.0146520146520297,1,8834743.185909547,5754851.766668427,3079891.4192411206,2674960.347427306,0.6513886873188106,20.0,1,1,1.8826717780179303,441737.1592954773,133748.0173713653,1.4571948998178597,8.000000000000007,8.000000000000007,0.0,1.0,0.1649391350890569,0.5447538320406673,0.9055158516389176,2.9906985379032474
KRW-BONK,KRW-BONK,success,1788189381,0.00524,0.00511,2.544031311154593,1,18037786.33819198,10654274.9126993,7383511.425492677,3270763.487206624,0.5906642152723954,22.0,8,7,0.5870140567455105,819899.3790087263,148671.0676003011,0.7692307692307665,4.00000000000001,4.00000000000001,0.0,1.0,0.04264551951156278,0.23518385607506076,0.22175670146012777,1.2229560515903233
KRW-CHIP,KRW-CHIP,success,1788421265,68.4,57.1,19.789842381786336,3,66074039.8358284,59912510.64273721,6161529.193091191,53750981.44964602,0.9067481085097793,50.0,8,5,0.522907458221281,1321480.796716568,1075019.6289929203,1.333333333333342,9.000000000000057,9.000000000000057,0.0,1.0,0.020179382653856544,0.024805748609119074,0.13621083291353164,0.16743880311155374
KRW-CRV,KRW-CRV,success,1788263761,513.0,502.0,2.1912350597609542,1,24269441.08840195,19535228.4198025,4734212.668599451,14801015.75120305,0.8049311209370261,79.0,9,8,0.6552642467147131,307208.11504306266,187354.62976206394,-0.5813953488372103,0.0,-3.0,3.0,,-0.023955860652887122,-0.03928077360433547,-0.12361224096889734,-0.20268879179837065
KRW-EGLD,KRW-EGLD,success,1788325058,5885.0,5755.0,2.2589052997393555,1,1139482.07344045,994834.5218216999,144647.55161875,850186.97020295,0.8730585105371476,9.0,4,3,0.4806320850203104,126609.11927116111,94465.21891143889,0.17021276595745594,2.0,2.0,0.0,1.0,0.14937730915198233,0.20020627452902987,1.7551833825356982,2.352423725715975
KRW-HIVE,KRW-HIVE,success,1788393976,62.5,60.9,2.6272577996715896,1,6765773.524520433,5248973.968367026,1516799.556153406,3732174.4122136203,0.7758128393366641,27.0,6,4,0.6735948154118689,250584.20461186787,138228.6819338378,0.6441223832528209,3.999999999999986,3.999999999999986,0.0,1.0,0.09520306597884197,0.17258635639988223,0.5912110397286039,1.0717612732432602
KRW-ICX,KRW-ICX,success,1788222598,21.1,19.3,9.326424870466333,1,24253068.872541085,22241910.252652302,2011158.619888783,20230751.63276352,0.9170761180591961,74.0,8,7,0.28744455080986453,327744.1739532579,273388.5355778854,1.4423076923076872,5.0,3.000000000000007,1.999999999999993,0.6000000000000014,0.05946907997035557,0.07129283768042917,0.12369568633834031,0.14828910237529355
KRW-INJ,KRW-INJ,success,1788333219,6255.0,6175.0,1.2955465587044523,1,913024.49243855,913024.49243855,0.0,913024.49243855,1.0,7.0,4,4,0.9670893054867613,130432.07034836429,130432.07034836429,0.48192771084336616,6.0,6.0,0.0,1.0,0.5278365638978756,0.5278365638978756,6.571565220528652,6.571565220528652
KRW-IQ,KRW-IQ,success,1788221062,0.927,0.913,1.533406352683464,1,1139562.2017886424,820108.271744644,319453.9300439984,500654.34170064563,0.7196695980767109,14.0,3,3,0.6182136227737608,81397.30012776017,35761.024407188976,0.7608695652173925,7.000000000000006,7.000000000000006,0.0,1.0,0.6676858569221945,1.5197502584973814,6.142709883684185,13.9817023781759
KRW-MOC,KRW-MOC,success,1788320466,26.9,24.7,8.906882591093112,2,62775684.33718249,40164361.188973926,22611323.14820857,17553038.040765356,0.6398076199893258,104.0,9,7,0.7810452277244098,603612.3493959855,168779.2119304361,0.3731343283581934,3.000000000000007,0.9999999999999787,2.0000000000000284,0.33333333333332543,0.005943930875432659,0.02125753544723269,0.01592973474615985,0.05697019499858477
KRW-SC,KRW-SC,success,1788220806,0.831,0.822,1.0948905109489093,1,2760773.2458702973,2046157.6807628495,714615.5651074477,1331542.1156554017,0.7411538357319256,8.0,1,1,1.000000000000001,345096.65573378716,166442.76445692522,0.727272727272732,6.000000000000005,6.000000000000005,0.0,1.0,0.2634308081479067,0.5461883020611475,2.173304167220218,4.506053492004442
KRW-SNT,KRW-SNT,success,1788393997,9.14,8.97,1.8952062430323213,1,3028890.6220490388,3019671.646220308,9218.9758287308,3010452.670391577,0.9969563193330189,15.0,4,4,0.33476868408345695,201926.0414699359,200696.8446927718,0.3293084522502765,3.0000000000001137,3.0000000000001137,0.0,1.0,0.10872246420951971,0.1093883506255033,0.9904616489487559,0.9965278741983665
KRW-SOPH,KRW-SOPH,success,1788307204,5.7,5.57,2.333931777378817,1,11841125.325247455,6525898.190160647,5315227.135086808,1210671.0550738387,0.5511214526415181,59.0,2,1,2.3785895021918995,200697.0394109738,20519.84839108201,2.1505376344086002,12.00000000000001,12.00000000000001,0.0,1.0,0.18161598457397107,1.7763186997788092,1.0134171939227605,9.911858344765774
KRW-T,KRW-T,success,1788307509,5.21,5.0,4.200000000000004,1,49749539.65919946,27278451.721568912,22471087.937630553,4807363.7839383595,0.548315660977673,81.0,9,9,0.2985466705104237,614191.8476444378,59350.17017207851,0.19230769230769162,1.9999999999999574,0.9999999999999787,0.9999999999999787,0.5,0.0038655170203596234,0.04000273350442111,0.020100688505869685,0.20801421422298605
KRW-DRV,KRW-DRV,success,1788566404,230.0,206.0,11.650485436893199,1,5500233.31686677,3779999.9999973504,1720233.31686942,2059766.6831279304,0.6872435735418297,22.0,2,1,2.6184075550067267,250010.60531212593,93625.75832399684,11.650485436893199,24.0,24.0,0.0,1.0,2.1181802235854867,5.656216081328662,4.363451260586104,11.651805127537049
KRW-FLOCK#2,KRW-FLOCK,fake,1788642806,86.4,84.7,2.007083825265643,4,48277042.40325233,38650339.63819914,9626702.765053194,29023636.87314595,0.8005946038565805,53.0,7,5,0.4032415927873583,910887.592514195,547615.7900593575,0.23201856148491462,2.0000000000000284,2.0000000000000284,0.0,1.0,0.004805981268423435,0.007994124323529875,0.041427558533811346,0.06890935166882975
KRW-ZRO#4,KRW-ZRO,fake,1788644733,1453.0,1422.0,2.1800281293952173,1,2758998.802806,1757068.122806,1001930.68,755137.442806,0.6368499040372902,8.0,1,1,1.0,344874.85035075,94392.18035075,0.9027777777777857,13.0,13.0,0.0,1.0,0.32721209478584345,1.1955145204072677,4.7118541649161045,17.215409093864505
KRW-ZRO#7,KRW-ZRO,fake,1788645699,1457.0,1447.0,0.6910850034554272,1,6566738.735472341,6559796.309162971,6942.426309369999,6552853.8828536,0.9989427893222143,19.0,4,3,0.4693822370268187,345617.8281827548,344887.04646597896,0.6202618883528688,9.0,9.0,0.0,1.0,0.09445508849047483,0.09465522952920791,1.3705433339967708,1.3734473804687877
KRW-FLOCK#7,KRW-FLOCK,fake,1788647191,86.7,85.5,1.403508771929829,4,37895286.23479587,20684354.219709612,17210932.015086256,3473422.2046233565,0.5458292118853825,62.0,10,10,0.23782844819678609,611214.2941096107,56022.938784247686,0.4634994206257348,4.000000000000057,4.000000000000057,0.0,1.0,0.012231057386766603,0.1334417163593836,0.10555402524779488,1.1516020121814705
KRW-FLOCK#8,KRW-FLOCK,fake,1788647641,89.0,88.1,1.0215664018161208,1,17195726.728560228,16838852.9362944,356873.7922658299,16481979.144028569,0.9792463675482177,40.0,6,6,0.5433130460923135,429893.1682140057,412049.47860071424,0.11325028312572094,1.0000000000000853,1.0000000000000853,0.0,1.0,0.006585955040656966,0.006871158016648237,0.058153983008999224,0.060672325287002074
KRW-FLOCK#11,KRW-FLOCK,fake,1788651336,85.4,84.4,1.1848341232227444,1,56985752.283800654,55069040.53384392,1916711.7499567363,53152328.783887185,0.9663650706862459,51.0,5,4,0.03363492931375417,1117367.6918392286,1042202.5251742585,-0.11820330969266601,0.0,-0.9999999999999432,0.9999999999999432,,-0.0020742607573905393,-0.002223859469512061,-0.017548246007523766,-0.018813851112071824
KRW-ELSA#10,KRW-ELSA,fake,1788651613,72.6,71.8,1.1142061281337101,1,26041892.12782883,22039852.93826795,4002039.18956088,18037813.74870707,0.8463230256113292,28.0,1,1,1.0,930067.5759938868,644207.6338823953,0.5540166204986097,3.9999999999999147,3.9999999999999147,0.0,1.0,0.021274054042585398,0.030714177905197683,0.15359867018746476,0.22175636447552466
KRW-SOPH#2,KRW-SOPH,success,1788652809,6.45,6.05,6.6115702479338845,5,18381240.48285811,18372382.737230152,8857.7456279565,18363524.991602194,0.9995181094749171,33.0,7,7,0.5595331037190795,557007.2873593366,556470.4542909756,0.4746835443037778,2.999999999999936,2.999999999999936,0.0,1.0,0.025824347641088527,0.025849260668681796,0.16320987709168278,0.16336732742607224
KRW-FLOCK#12,KRW-FLOCK,fake,1788652841,88.7,87.7,1.1402508551881407,1,45430063.48377206,41470489.25175609,3959574.232015975,37510915.01974011,0.9128424235323739,36.0,7,5,0.9936836846687451,1261946.2078825573,1041969.8616594475,0.3397508493771184,2.9999999999999716,2.9999999999999716,0.0,1.0,0.0074785466566314575,0.009057386342037368,0.06603556697805613,0.07997672140019038
KRW-ELSA#11,KRW-ELSA,fake,1788652850,73.7,72.6,1.515151515151536,1,25974799.343182392,25906877.06318239,67922.28,25838954.78318239,0.9973850700787866,54.0,7,7,0.46314121010358006,481014.80265152577,478499.16265152575,0.8207934336525335,6.000000000000085,6.000000000000085,0.0,1.0,0.03159960632642836,0.03176573667704072,0.2309931222461938,0.23220753510917017
KRW-QUID#2,KRW-QUID,fake,1788652915,90.7,89.2,1.681614349775784,1,2924054.2629681323,1898266.867125785,1025787.3958423471,872479.4712834379,0.6491900274104021,18.0,2,2,0.6882523713103416,162447.45905378513,48471.08173796877,0.5543237250554389,5.0,5.0,0.0,1.0,0.1895736792834888,0.6353430003803019,1.709954587137049,5.7307938634302555
KRW-LA#8,KRW-LA,fake,1788652969,95.2,93.0,2.3655913978494647,2,30915241.739084236,15927458.431499423,14987783.307584813,939675.1239146106,0.5151976027204509,42.0,8,5,0.3444073359470016,736077.1842639104,22373.217236062155,0.5279831045406524,5.0,5.0,0.0,1.0,0.017078407763933344,0.5618783461470359,0.16173252152444947,5.320987938012453
KRW-T#1,KRW-T,success,1788653048,6.01,5.82,3.264604810996552,1,37766837.77508298,26091248.65230588,11675589.122777103,14415659.529528776,0.6908507619221385,69.0,8,8,0.2792826877983216,547345.4750012027,208922.60187722865,0.0,0.0,0.0,0.0,,0.0,0.0,0.0,0.0
KRW-EDGE#6,KRW-EDGE,fake,1788653204,98.0,96.6,1.449275362318847,3,2161418.261132202,2051409.261145542,110008.99998666,1941400.261158882,0.9491033262904724,16.0,6,5,0.9305803033655434,135088.64132076263,121337.51632243012,0.10214504596526286,0.9999999999999432,0.9999999999999432,0.0,1.0,0.04725834319163977,0.05261410952128404,0.46265917984616245,0.515092132213381
KRW-SNT#3,KRW-SNT,fake,1788653267,9.68,9.54,1.4675052410901612,1,6230467.24248404,6230467.24248404,0.0,6230467.24248404,1.0,22.0,4,4,0.3840083889126713,283203.05647654727,283203.05647654727,0.5192107995846129,4.999999999999893,4.999999999999893,0.0,1.0,0.08333416730678572,0.08333416730678572,0.802508031164358,0.802508031164358
KRW-UP2#1,KRW-UP2,fake,1788653276,75.1,71.2,5.477528089887618,2,4754092.93659864,4754092.93659864,0.0,4754092.93659864,1.0,30.0,6,5,0.6061954486994545,158469.764553288,158469.764553288,0.5354752342703994,3.9999999999999147,3.9999999999999147,0.0,1.0,0.11263457433659474,0.11263457433659474,0.8413802702943692,0.8413802702943692
KRW-T#2,KRW-T,fake,1788653972,6.4,6.29,1.7488076311605871,1,50856662.70121856,37166734.792247236,13689927.908971325,23476806.88327591,0.7308134827997019,96.0,8,8,0.43858880679092443,529756.9031376933,244550.07170079075,0.6289308176100628,4.0000000000000036,4.0000000000000036,0.0,1.0,0.0123667339578496,0.026789453128657454,0.07865242797192354,0.1703809218982616
KRW-QUID#3,KRW-QUID,fake,1788655104,96.3,94.6,1.7970401691332016,1,17687777.703117095,11782294.46695567,5905483.236161424,5876811.230794245,0.6661263311150326,49.0,8,8,0.4169698829906244,360975.055165655,119934.92307743357,0.31250000000000444,2.9999999999999716,2.9999999999999716,0.0,1.0,0.017667567132807923,0.053175095766649354,0.16960864447495205,0.5104809193598218
KRW-ARB#10,KRW-ARB,fake,1788655627,262.0,252.0,3.9682539682539764,1,101056593.65156724,99204242.72410293,1852350.92746431,97351891.79663862,0.9816701626234204,121.0,8,8,0.6274364298791958,835178.4599303077,804561.0892284184,0.7692307692307665,2.0,2.0,0.0,1.0,0.0076118810404692165,0.007901549266629932,0.019790890705220034,0.0205440280932379
KRW-LA#10,KRW-LA,fake,1788655867,97.6,96.0,1.6666666666666607,3,30821996.4813519,27700182.65231563,3121813.8290362703,24578368.823279362,0.8987147431891686,27.0,7,5,0.3155005628182826,1141555.4252352556,910309.9564177542,0.30832476875641834,2.9999999999999716,2.9999999999999716,0.0,1.0,0.010003400297023677,0.012544557817213201,0.09733308489004107,0.1220585475614853
KRW-BONK#17,KRW-BONK,fake,1788656805,0.00662,0.00646,2.4767801857585203,1,36541338.06507439,35938135.525394596,603202.539679797,35334932.9857148,0.9834925984755789,40.0,7,6,2.590048917323567,913533.4516268598,883373.32464287,0.917431192660545,6.000000000000015,6.000000000000015,0.0,1.0,0.02510666662032857,0.02596385828809818,0.16419759969695025,0.16980363320416353
