activate,drop,no_high_sec,avg_net,median_net,avg_capture,median_capture,wins,worst
1,0.5,15,4.171903436680931,1.1618296529968597,20.941308963511727,49.49999999999983,15,-1.964406779661021
1,0.75,15,4.1390263156974765,1.1618296529968597,18.65372726416535,49.10666666666712,15,-1.964406779661021
1,1,15,4.091595757240769,1.1618296529968597,13.337337664847304,46.433333333332946,14,-1.964406779661021
1,0.5,30,3.8413575843312193,1.007011070110686,10.61781587149001,38.9857142857139,13,-1.964406779661021
1,0.75,30,3.8413575843312193,1.007011070110686,10.61781587149001,38.9857142857139,13,-1.964406779661021
1,1,30,3.7726607781628774,1.007011070110686,7.0691807311593555,35.45294117647017,12,-1.964406779661021
1,0.5,45,3.8269529407780514,1.1618296529968597,5.699037851201433,41.387499999999,12,-1.964406779661021
1,0.5,90,4.719830225900388,1.030524152106882,2.8762959338414706,46.11578947368435,11,-1.964406779661021
1,1.5,15,3.9144221420410084,0.9291595197255532,2.5162887365318998,24.550000000000285,12,-1.964406779661021
1,0.5,60,4.531266342383279,1.1332990750256955,2.0074513382811032,25.06315789473677,11,-1.964406779661021
1,0.75,90,4.701693474797069,1.007011070110686,1.838233650104469,41.33529411764694,11,-1.964406779661021
1,1,90,4.6956478910959625,1.007011070110686,1.4922128888587767,38.9857142857139,11,-1.964406779661021
1,0.75,45,3.7432210056810904,1.1618296529968597,0.585345315363662,30.326315789473597,11,-1.964406779661021
1,0.75,60,4.49734501264313,0.7221993833504637,0.3292506462395931,25.06315789473677,11,-1.964406779661021
1,1,45,3.717697432108539,1.1618296529968597,-0.34891073999966155,30.326315789473597,11,-1.964406779661021
1,1,60,4.471821439070579,0.6194244604316502,-0.6050054091237304,25.06315789473677,11,-1.964406779661021
1,1.5,30,3.635070746937621,0.6380073800737908,-1.066293967464117,24.550000000000285,10,-1.964406779661021
1,0.5,120,4.987895946961833,0.5166495375128367,-1.234038410712477,29.570588235293396,10,-2.1183486238532057
1,0.75,120,4.987895946961833,0.5166495375128367,-1.234038410712477,29.570588235293396,10,-2.1183486238532057
1,1.5,90,4.599306318250316,1.520745542949753,-1.7375302863861084,36.08846153846142,11,-1.964406779661021
1,1,120,4.968623154714643,0.5166495375128367,-1.754400401662667,29.570588235293396,10,-2.1183486238532057
1,0.5,300,3.8210523053544585,2.6552674230145956,-1.893056713325207,42.207407407407786,11,-18.340000000000003
1,0.75,300,3.7895284417897392,2.6552674230145956,-2.53244290258353,42.207407407407786,11,-18.340000000000003
1,1,300,3.783482858088633,2.572147995888996,-2.6914254145072274,42.207407407407786,11,-18.340000000000003
1,3,120,6.457537207019056,2.3673439767779247,-3.354819412486658,40.77749999999979,12,-2.1183486238532057
1,1.5,60,4.456260192274182,1.555629139072845,-3.439359659568006,25.06315789473677,11,-1.964406779661021
1,1.5,120,5.015729205394046,1.555629139072845,-4.372494557669799,46.018918918918835,10,-2.1183486238532057
1,3,90,5.0106718346811885,2.3673439767779247,-5.971034904005495,40.77749999999979,12,-2.0193857965451034
1,1.5,45,3.6308895088446316,0.6886435331230235,-6.040407847586892,28.39615384615364,11,-1.964406779661021
1,3,60,4.732768311579608,2.0008403361344462,-6.049041690777711,28.406521739130415,12,-2.0193857965451034
1,0.5,600,4.392032047916848,2.365166130760976,-7.384694389770306,35.77333333333297,13,-19.140000000000004
1,0.75,600,4.392032047916848,2.365166130760976,-7.384694389770306,35.77333333333297,13,-19.140000000000004
1,1,600,4.392032047916848,2.365166130760976,-7.384694389770306,35.77333333333297,13,-19.140000000000004
1,3,600,4.465639922286119,3.702672147995878,-7.811459350641915,40.77749999999979,13,-19.140000000000004
1,3,15,4.051284497339349,1.4005359056806,-8.55308217897034,28.406521739130415,12,-2.0193857965451034
1,3,300,4.245853427345216,2.6552674230145956,-8.594339614388268,40.77749999999979,11,-18.340000000000003
1,1.5,300,3.7426060592653108,1.8867549668874273,-8.7588214317754,42.207407407407786,10,-18.340000000000003
1,3,180,3.936809337103451,1.4005359056806,-9.820352948324347,28.406521739130415,11,-10.819999999999995
1,3,30,3.867625296623666,1.4005359056806,-10.400632416424871,28.406521739130415,11,-2.0193857965451034
1,2,60,4.320776302817795,0.9277492291880686,-10.636793308050196,24.397297297297115,11,-1.964406779661021
1,3,45,3.8234108966569775,1.4005359056806,-10.993362027191901,28.406521739130415,12,-2.0193857965451034
1,1.5,600,4.358366956976822,2.365166130760976,-11.791409075644658,29.802702702702835,12,-19.140000000000004
1,2,120,5.702295262486406,0.9277492291880686,-12.281642800646372,24.397297297297115,10,-2.1183486238532057
1,2,90,4.3545253025668496,0.8933774834437026,-12.449592008319897,19.98518518518512,11,-1.964406779661021
1,1.5,180,3.462084593240459,1.007011070110686,-12.466415552264156,16.052941176470338,9,-10.819999999999995
1,2,300,3.630800186145808,1.8867549668874273,-13.003827307216097,33.434693877551126,10,-18.340000000000003
1,0.5,180,3.3955831725282892,0.6194244604316502,-13.087943654761137,16.052941176470338,9,-10.819999999999995
1,0.75,180,3.3955831725282892,0.6194244604316502,-13.087943654761137,16.052941176470338,9,-10.819999999999995
1,1,180,3.3955831725282892,0.6194244604316502,-13.087943654761137,16.052941176470338,9,-10.819999999999995
1,2,600,4.303156722908952,2.365166130760976,-13.74218938776954,29.802702702702835,12,-19.140000000000004
1,4,120,6.294384108954319,2.572147995888996,-13.929133326996027,32.50259740259733,13,-3.1710172744721765
1,5,300,4.543911356175895,2.0069692058346855,-15.229508366586549,25.271428571428586,11,-18.340000000000003
1,2,15,3.5815195730978506,0.9277492291880686,-16.704446986403408,19.346428571428504,11,-1.964406779661021
1,5,90,5.940102130155538,2.2638232271325776,-17.639318163500512,28.6064935064935,11,-3.5862385321100976
1,4,300,4.32197128202361,2.572147995888996,-17.74392351373346,32.50259740259733,11,-18.340000000000003
1,4,180,3.9547085728774714,1.3513788098693857,-18.03905451418154,23.277500000000188,12,-10.819999999999995
1,5,600,4.2754802835176,2.2638232271325776,-18.346705653443045,23.662499999999998,11,-19.140000000000004
1,2,180,3.340466917755105,0.9277492291880686,-18.55036999263804,16.052941176470338,9,-10.819999999999995
1,4,90,4.888153235376895,2.572147995888996,-18.791491099663286,32.50259740259733,13,-3.1710172744721765
1,2,30,3.3294929961597908,0.2690036900368954,-20.164023966370568,10.414285714285574,9,-1.964406779661021
1,2,45,3.2897927021957005,0.2690036900368954,-20.219013397453732,10.414285714285574,10,-1.964406779661021
1,4,600,3.90824939681015,2.572147995888996,-20.51216152895625,23.662499999999998,13,-19.140000000000004
1,4,60,4.38508788222658,2.0008403361344462,-20.525972963431276,25.06315789473677,13,-3.1710172744721765
1,5,120,5.037762833810308,2.2638232271325776,-21.301784813416894,28.6064935064935,11,-3.5862385321100976
1,5,180,4.220897689613837,2.2638232271325776,-21.397997652820436,28.6064935064935,10,-10.819999999999995
1,4,30,3.7265674804013353,1.3760147601476036,-21.825163241719935,23.277500000000188,12,-3.1710172744721765
1,4,15,3.96420191425467,1.3760147601476036,-21.836139169490735,23.277500000000188,12,-3.1710172744721765
1,4,45,3.6918868777461147,1.3760147601476036,-22.19164850859559,23.277500000000188,13,-3.1710172744721765
1,5,60,4.094110682197401,2.0008403361344462,-22.788302537538552,25.06315789473677,11,-3.5862385321100976
1,5,45,3.8552970390931014,2.2638232271325776,-23.129716407018112,28.6064935064935,11,-3.5862385321100976
1,5,15,3.420660813548679,0.6380073800737908,-27.782702064951305,10.170588235293952,10,-3.5862385321100976
1,5,30,3.2554627152919435,0.6380073800737908,-28.117525881685175,10.170588235293952,10,-3.5862385321100976
7,0.5,15,5.688778870716477,5.609876543209869,-36.18207302324328,70.89920948616601,13,-17.898165137614686
5,0.5,45,5.467617625783264,4.697047970479685,-36.79489934072798,74.87647058823492,13,-17.898165137614686
7,0.75,15,5.630700771251908,5.609876543209869,-37.065440198835525,70.89920948616601,13,-17.898165137614686
5,0.75,45,5.489189046403662,4.730421377183947,-37.35069170076981,74.87647058823492,13,-17.898165137614686
7,0.5,45,5.885228161781356,5.842947702060231,-37.9250445907621,68.12857142857136,13,-17.898165137614686
5,0.5,30,5.110669890999626,4.399274310595048,-38.03925771091579,63.205263157894635,13,-17.898165137614686
7,0.75,45,5.866671843354932,5.842947702060231,-38.1512889346535,68.12857142857136,13,-17.898165137614686
7,0.5,120,6.207313171122127,5.764197530864202,-38.25630512645116,72.4315789473685,13,-17.898165137614686
7,0.75,120,6.207313171122127,5.764197530864202,-38.25630512645116,72.4315789473685,13,-17.898165137614686
7,1,120,6.207313171122127,5.764197530864202,-38.25630512645116,72.4315789473685,13,-17.898165137614686
5,0.5,15,5.110589268340791,4.5218487394958045,-38.27726474860652,70.89920948616601,13,-17.898165137614686
5,0.75,30,5.093594846177633,4.108998548621179,-38.375392164697296,63.205263157894635,13,-17.898165137614686
7,0.5,30,5.538054505797972,5.763708399366097,-38.481699026884506,66.08775510204073,13,-17.898165137614686
7,1,15,5.505676387264964,5.609876543209869,-38.55580604214255,70.89920948616601,13,-17.898165137614686
5,1,45,5.504224084756583,4.924311183144259,-38.57935674058035,72.76233766233761,13,-17.898165137614686
7,1,45,5.831781116908731,5.842947702060231,-38.61735228306978,68.12857142857136,13,-17.898165137614686
5,1,30,5.07651980135564,3.8187227866472884,-38.71152661847883,63.205263157894635,13,-17.898165137614686
7,0.75,30,5.520979460975979,5.763708399366097,-38.71699314453157,66.08775510204073,13,-17.898165137614686
3,0.5,60,4.801325893948168,3.008252947481227,-39.02096346351099,61.015217391303985,14,-17.898165137614686
7,1,30,5.4953668937429905,5.763708399366097,-39.06993432100215,66.08775510204073,13,-17.898165137614686
5,0.75,15,5.065679745879163,4.5218487394958045,-39.11173964001235,70.89920948616601,13,-17.898165137614686
7,1.5,120,6.12325699992245,5.758170606372038,-39.159020058577866,72.4315789473685,13,-17.898165137614686
3,0.75,60,4.78304937660145,3.008252947481227,-39.52516514418324,61.015217391303985,14,-17.898165137614686
5,0.5,60,5.552512055277632,5.507476635514042,-39.709514865135866,72.76233766233761,13,-17.898165137614686
7,0.5,60,5.867434180347631,5.758170606372038,-39.80830872075861,70.62199999999979,13,-17.898165137614686
5,0.75,60,5.516880692029217,5.507476635514042,-40.27189366280877,72.76233766233761,13,-17.898165137614686
7,0.75,60,5.8271717625072705,5.758170606372038,-40.27965110386571,70.62199999999979,13,-17.898165137614686
7,1.5,15,5.392949770403045,5.248460291734192,-40.431792200769365,68.18695652173902,13,-17.898165137614686
7,1,60,5.808615444080846,5.758170606372038,-40.50589544775711,70.62199999999979,13,-17.898165137614686
7,1.5,45,5.6644477426612765,5.420504731861209,-40.714260277036594,66.08846153846171,13,-17.898165137614686
5,1,15,4.9491928843032165,4.0996830427892155,-40.85334856428383,63.205263157894635,13,-17.898165137614686
7,0.5,90,5.830522915831053,5.4467511885895386,-41.01591426778976,61.16249999999986,13,-17.898165137614686
7,0.75,90,5.830522915831053,5.4467511885895386,-41.01591426778976,61.16249999999986,13,-17.898165137614686
7,1,90,5.830522915831053,5.4467511885895386,-41.01591426778976,61.16249999999986,13,-17.898165137614686
7,2,120,6.830717837493176,4.992592592592582,-41.08835297299236,67.39999999999996,13,-17.898165137614686
7,1.5,30,5.366452594445855,5.420504731861209,-41.18258682905105,66.08775510204073,13,-17.898165137614686
5,1.5,45,5.308289318574722,4.438087520259327,-41.39284424560853,66.08846153846171,13,-17.898165137614686
3,0.5,120,4.9136039641614655,3.0930333817126177,-41.84255732797073,70.3432432432434,14,-17.898165137614686
3,0.75,120,4.9136039641614655,3.0930333817126177,-41.84255732797073,70.3432432432434,14,-17.898165137614686
7,1.5,90,5.7673187084261635,5.301234567901226,-41.859428596598185,61.16249999999986,13,-17.898165137614686
5,1.5,30,4.942328492476512,4.328044280442811,-41.865628561589844,63.205263157894635,13,-17.898165137614686
7,1.5,60,5.65446669686566,5.420504731861209,-42.381838132523306,66.08846153846171,13,-17.898165137614686
7,2,15,5.222226375133106,4.947318611987373,-42.729369898214244,66.08775510204073,13,-17.898165137614686
7,2,90,5.695716253241265,4.979825834542806,-42.79683432812157,61.16249999999986,13,-17.898165137614686
5,1.5,15,4.8147601680273615,4.0996830427892155,-42.91022587616338,63.205263157894635,13,-17.898165137614686
5,0.5,120,5.656152311713221,5.758170606372038,-43.24683635070558,72.05714285714298,13,-17.898165137614686
5,0.75,120,5.656152311713221,5.758170606372038,-43.24683635070558,72.05714285714298,13,-17.898165137614686
7,2,45,5.399164400103775,4.992592592592582,-43.312782148712415,61.80830039525692,13,-17.898165137614686
3,1,120,4.854135498569184,2.572147995888996,-43.362237965298384,61.98000000000026,14,-17.898165137614686
3,1,60,4.554082927944296,2.572147995888996,-43.474744976116,57.22941176470576,14,-17.898165137614686
5,1,120,5.639077266891228,5.758170606372038,-43.58297080448711,72.05714285714298,13,-17.898165137614686
7,2,30,5.346374578816303,4.992592592592582,-43.61606478899962,61.80830039525692,13,-17.898165137614686
5,1,60,5.288835914817081,3.8187227866472884,-43.77544893106995,57.22941176470576,13,-17.898165137614686
3,0.5,90,4.600806280836721,2.817341977309551,-44.025769858026756,56.980000000000395,14,-17.898165137614686
3,0.75,90,4.600806280836721,2.817341977309551,-44.025769858026756,56.980000000000395,14,-17.898165137614686
3,1,90,4.594760697135615,2.817341977309551,-44.18475236995045,56.980000000000395,14,-17.898165137614686
7,2,60,5.498239432597949,4.979825834542806,-44.27883329422436,61.16249999999986,13,-17.898165137614686
10,0.5,45,6.780965509451372,8.178145695364249,-44.433646723414434,61.80830039525692,12,-17.898165137614686
2,0.5,15,3.3568891156821103,1.769158878504673,-44.442117410217655,56.642105263158015,14,-17.898165137614686
2,0.75,15,3.3568891156821103,1.769158878504673,-44.442117410217655,56.642105263158015,14,-17.898165137614686
7,0.5,180,4.715660145442513,5.415239477503631,-44.49633664446724,63.23333333333328,12,-17.898165137614686
7,0.75,180,4.715660145442513,5.415239477503631,-44.49633664446724,63.23333333333328,12,-17.898165137614686
5,0.5,90,5.3514123623766325,4.600162074554304,-44.67031103826263,57.92448979591847,13,-17.898165137614686
10,0.75,45,6.737437784266285,8.178145695364249,-44.715905369140195,61.80830039525692,12,-17.898165137614686
3,0.5,15,3.8520483554533,2.7938906752411508,-44.72022542263059,56.642105263158015,14,-17.898165137614686
3,0.75,15,3.8520483554533,2.7938906752411508,-44.72022542263059,56.642105263158015,14,-17.898165137614686
5,1.5,120,5.546483573280554,5.455555555555536,-44.75459329963902,66.60285714285696,13,-17.898165137614686
3,0.5,45,3.892795785028294,2.6749229188078094,-44.83563967072214,61.015217391303985,14,-17.898165137614686
5,0.75,90,5.342874839965635,4.600162074554304,-44.83837826515341,57.92448979591847,13,-17.898165137614686
10,1,45,6.70934766852839,8.178145695364249,-44.96357041756427,61.80830039525692,12,-17.898165137614686
5,1,90,5.3257997951436415,4.600162074554304,-45.17451271893494,57.92448979591847,13,-17.898165137614686
5,2,15,4.7603173921876065,4.0996830427892155,-45.191359060190514,57.20769230769232,13,-17.898165137614686
7,1,180,4.655204308431449,5.415239477503631,-45.26027858487978,63.23333333333328,12,-17.898165137614686
7,1.5,180,4.655204308431449,5.415239477503631,-45.26027858487978,63.23333333333328,12,-17.898165137614686
10,0.5,30,6.413801462339799,7.679578606158833,-45.45457286094679,61.80830039525692,12,-17.898165137614686
5,1.5,60,5.152486799196775,3.590036900368998,-45.66539721807704,57.22941176470576,13,-17.898165137614686
7,3,120,6.790798830649779,4.113938411669372,-45.68983098937377,54.15797101449282,13,-17.898165137614686
10,0.5,15,6.407577540543588,8.327876823338743,-45.70328601919984,70.89920948616601,12,-17.898165137614686
10,0.75,15,6.407577540543588,8.327876823338743,-45.70328601919984,70.89920948616601,12,-17.898165137614686
3,1,15,3.8541468177819764,2.8027576197387494,-45.71380481678545,56.642105263158015,14,-17.898165137614686
5,2,45,4.976915349826987,4.10560747663552,-45.74969275634675,59.77532467532446,13,-17.898165137614686
3,0.75,45,3.857444222859583,2.6749229188078094,-45.76000941862128,61.015217391303985,14,-17.898165137614686
10,0.75,30,6.367611120330813,7.679578606158833,-45.849276196826594,61.80830039525692,12,-17.898165137614686
10,0.5,60,7.079518321186113,8.01808118081181,-45.8605525264569,72.87549407114625,12,-17.898165137614686
10,0.75,60,7.079518321186113,8.01808118081181,-45.8605525264569,72.87549407114625,12,-17.898165137614686
2,0.5,120,4.735209699343098,3.0930333817126177,-45.890217738991105,70.3432432432434,12,-17.898165137614686
2,0.75,120,4.735209699343098,3.0930333817126177,-45.890217738991105,70.3432432432434,12,-17.898165137614686
3,0.5,30,3.8055387624926422,2.6749229188078094,-45.9731795534362,52.70869565217402,13,-17.898165137614686
3,0.75,30,3.8055387624926422,2.6749229188078094,-45.9731795534362,52.70869565217402,13,-17.898165137614686
5,2,30,4.933659325850983,3.9590405904058934,-45.98544838582965,57.20769230769232,13,-17.898165137614686
10,1,60,7.030086783865302,8.01808118081181,-46.03614515156664,72.87549407114625,12,-17.898165137614686
10,1,30,6.340378004862402,7.679578606158833,-46.11665587597099,61.80830039525692,12,-17.898165137614686
10,1,15,6.359343401587484,8.327876823338743,-46.153162939665,70.89920948616601,12,-17.898165137614686
2,0.5,90,4.346942380441422,2.8027576197387494,-46.391792096536804,56.980000000000395,13,-17.898165137614686
2,0.75,90,4.346942380441422,2.8027576197387494,-46.391792096536804,56.980000000000395,13,-17.898165137614686
5,1.5,90,5.245520542916759,4.600162074554304,-46.404581669592105,57.92448979591847,13,-17.898165137614686
2,1,15,3.331499947444541,1.3760147601476036,-46.41608896123527,53.27142857142891,14,-17.898165137614686
10,1.5,45,6.663213512751495,8.01808118081181,-46.4748184412644,61.80830039525692,12,-17.898165137614686
10,0.5,120,7.118120411334742,7.515894039735105,-46.48031881827403,72.05714285714298,12,-17.898165137614686
10,0.75,120,7.118120411334742,7.515894039735105,-46.48031881827403,72.05714285714298,12,-17.898165137614686
10,1,120,7.118120411334742,7.515894039735105,-46.48031881827403,72.05714285714298,12,-17.898165137614686
10,1.5,60,7.108492353117824,8.01808118081181,-46.49637208465886,72.87549407114625,12,-17.898165137614686
2,1,90,4.3408967967403145,2.8027576197387494,-46.5507746084605,56.980000000000395,13,-17.898165137614686
3,1.5,60,4.423655590826877,2.236448598130847,-46.62685717234588,47.62692307692307,14,-17.898165137614686
10,1.5,120,7.087851013695755,7.515894039735105,-46.67639724964658,72.05714285714298,12,-17.898165137614686
3,1,45,3.8233831268760357,2.572147995888996,-46.71731125827605,61.015217391303985,14,-17.898165137614686
7,2,180,4.530179924444504,4.730421377183947,-46.750644428186824,62.12898550724641,12,-17.898165137614686
5,2,120,6.271019455673273,4.7622366288492595,-46.8836417925926,59.77532467532446,13,-17.898165137614686
3,1,30,3.7629401440980987,2.572147995888996,-47.14056542670441,52.70869565217402,13,-17.898165137614686
10,1.5,15,6.232020789809775,8.165802269043764,-47.16767647564786,70.89920948616601,12,-17.898165137614686
7,3,90,5.456787131147082,4.10560747663552,-47.194725884277844,54.899999999999885,13,-17.898165137614686
2,1,120,4.675741233750816,2.572147995888996,-47.40989837631875,61.98000000000026,12,-17.898165137614686
7,3,15,5.146197631565603,4.10560747663552,-47.444121883045895,54.91250000000008,13,-17.898165137614686
5,2,90,5.190993132553853,4.600162074554304,-47.54170297965458,57.20769230769232,13,-17.898165137614686
3,1.5,120,4.780329875226459,2.3673439767779247,-47.694530996404076,54.15797101449282,14,-17.898165137614686
10,0.5,90,6.873510016240128,7.847019867549665,-47.72783814385299,61.57444444444437,12,-17.898165137614686
10,0.75,90,6.873510016240128,7.847019867549665,-47.72783814385299,61.57444444444437,12,-17.898165137614686
10,1,90,6.873510016240128,7.847019867549665,-47.72783814385299,61.57444444444437,12,-17.898165137614686
5,2,60,5.017965634343001,3.590036900368998,-47.75230403674857,57.20769230769232,13,-17.898165137614686
10,2,60,6.937097140791254,7.681456953642385,-47.76400991946089,72.87549407114625,12,-17.898165137614686
7,3,30,5.0527906218653555,4.10560747663552,-47.78040094536371,54.899999999999885,13,-17.898165137614686
10,1.5,30,6.057705987884363,7.679578606158833,-47.87131130398932,61.80830039525692,12,-17.898165137614686
10,2,120,6.926099009005762,7.515894039735105,-47.96791618822434,72.05714285714298,12,-17.898165137614686
10,2,45,6.4526190393225225,7.515894039735105,-47.98694141771781,61.80830039525692,12,-17.898165137614686
10,1.5,90,6.960226376354015,7.847019867549665,-48.11546215804248,61.57444444444437,12,-17.898165137614686
7,3,45,4.997930420784145,4.10560747663552,-48.422329722976976,54.899999999999885,13,-17.898165137614686
7,3,60,5.183857939976975,4.066666666666652,-48.6690931534029,52.70869565217402,13,-17.898165137614686
10,2,90,6.880047264746264,7.649077490774892,-48.878424685710904,61.57444444444437,12,-17.898165137614686
3,2,60,4.397637351237631,2.236448598130847,-48.934832729899405,49.614814814815006,14,-17.898165137614686
10,2,15,6.059945670582698,7.515894039735105,-49.01497200744054,70.89920948616601,12,-17.898165137614686
2,0.5,45,3.164734891974526,1.745018450184499,-49.09024890589688,58.052941176470696,13,-17.898165137614686
3,1.5,90,4.379646566149893,2.3673439767779247,-49.09779970946841,46.97999999999999,14,-17.898165137614686
3,1.5,15,3.7075403973050975,2.3673439767779247,-49.19031147668314,46.97999999999999,14,-17.898165137614686
10,2,30,6.086583739646016,7.515894039735105,-49.35979308364759,61.80830039525692,12,-17.898165137614686
2,0.5,60,4.164434674795871,2.5490066225165475,-49.49756461918625,52.70869565217402,13,-17.898165137614686
2,0.75,60,4.146158157449152,2.3834437086092675,-50.00176629985851,52.70869565217402,13,-17.898165137614686
7,3,180,4.356371833100282,4.066666666666652,-50.01479235868773,53.842857142857206,12,-17.898165137614686
5,3,15,4.749032679999443,3.702672147995878,-50.20660508623429,46.78831168831158,13,-17.898165137614686
3,1.5,45,3.6712496903446827,2.3673439767779247,-50.21544421575159,46.97999999999999,14,-17.898165137614686
10,3,120,7.011164593195013,6.535802469135799,-50.32467817133928,64.16969696969707,12,-17.898165137614686
2,0.5,600,3.875562680994212,4.834687953555872,-50.62830298705549,45.91343283582088,13,-19.140000000000004
3,2,120,5.576361582185959,2.4723472668810254,-50.71422114845198,50.14565217391294,14,-17.898165137614686
5,3,120,6.291587692479741,4.066666666666652,-50.72367938665123,51.80204081632657,13,-17.898165137614686
2,0.75,600,3.867025158583216,4.689550072568938,-50.77913254964976,45.91343283582088,13,-19.140000000000004
2,0.75,45,3.10767723039188,1.5640253565768591,-50.85495478824979,53.27142857142891,13,-17.898165137614686
5,0.5,300,3.866613376751259,4.730421377183947,-50.8946901393963,58.396153846153794,12,-18.340000000000003
5,0.75,300,3.866613376751259,4.730421377183947,-50.8946901393963,58.396153846153794,12,-18.340000000000003
5,1,300,3.866613376751259,4.730421377183947,-50.8946901393963,58.396153846153794,12,-18.340000000000003
10,3,60,6.613504909229551,6.535802469135799,-50.916890652059216,64.16969696969707,12,-17.898165137614686
3,1.5,30,3.589100608152811,2.365166130760976,-50.98471914542563,46.97999999999999,13,-17.898165137614686
2,1,60,4.109605122755715,2.0523178807947073,-51.01016966120302,52.70869565217402,13,-17.898165137614686
10,4,120,7.597756463754765,5.922187004754365,-51.01322837602662,55.078787878787914,12,-17.898165137614686
7,4,120,6.2437992730711365,3.465640194489461,-51.20650693814417,43.63877551020403,13,-17.898165137614686
7,0.5,300,3.9093009888062413,4.730421377183947,-51.212702205761325,58.396153846153794,12,-18.340000000000003
7,0.75,300,3.9093009888062413,4.730421377183947,-51.212702205761325,58.396153846153794,12,-18.340000000000003
7,1,300,3.9093009888062413,4.730421377183947,-51.212702205761325,58.396153846153794,12,-18.340000000000003
2,1,600,3.8414125913502275,4.254136429608136,-51.231621237432556,45.91343283582088,13,-19.140000000000004
3,0.5,600,3.8941189994206376,4.834687953555872,-51.23849906548682,45.91343283582088,13,-19.140000000000004
5,0.5,180,4.031692187794323,4.276012965964349,-51.239363052315454,62.12898550724641,11,-17.898165137614686
5,0.75,180,4.031692187794323,4.276012965964349,-51.239363052315454,62.12898550724641,11,-17.898165137614686
5,3,45,4.591231671906514,3.1710280373831945,-51.30486094537306,46.78831168831158,13,-17.898165137614686
10,3,90,6.706023637684287,6.535802469135799,-51.335898161995615,61.57444444444437,12,-17.898165137614686
5,1.5,300,3.9483127231564876,4.730421377183947,-51.37436928378133,58.396153846153794,12,-18.340000000000003
3,0.75,600,3.8855814770096413,4.689550072568938,-51.38932862808109,45.91343283582088,13,-19.140000000000004
5,3,90,4.990845154695599,3.702672147995878,-51.456919465782846,48.47142857142874,13,-17.898165137614686
10,3,45,6.364726432130438,6.535802469135799,-51.45991682168385,61.80830039525692,12,-17.898165137614686
5,3,30,4.5911166118552345,3.2613445378151362,-51.50326830221358,45.464705882352625,13,-17.898165137614686
3,0.5,300,3.2405053136279522,2.6552674230145956,-51.6147977545696,52.796551724137814,12,-18.340000000000003
7,1.5,300,3.99100033521147,4.730421377183947,-51.69238135014635,58.396153846153794,12,-18.340000000000003
2,1.5,120,4.601935610408092,2.3673439767779247,-51.74219140742444,54.15797101449282,12,-17.898165137614686
5,3,60,4.769852916524199,2.852029520295185,-51.75696967181214,45.744736842105056,13,-17.898165137614686
10,3,30,6.024134334645162,6.535802469135799,-51.78364359842815,61.80830039525692,12,-17.898165137614686
2,1,45,3.0736161344083324,1.5640253565768591,-51.81225662790456,53.27142857142891,13,-17.898165137614686
3,1,600,3.859968909776653,4.254136429608136,-51.841817315863885,45.91343283582088,13,-19.140000000000004
10,4,90,7.309278903707259,5.609876543209869,-51.861181392290135,55.078787878787914,12,-17.898165137614686
10,0.5,180,4.825824631160517,6.793819334389862,-51.8834721543514,62.12898550724641,11,-17.898165137614686
5,1.5,180,3.9968489180162474,4.276012965964349,-51.9698811616571,62.12898550724641,11,-17.898165137614686
3,2,15,3.6535112855889698,2.5795284030010524,-51.972185033334064,48.47142857142874,14,-17.898165137614686
7,2,300,3.9617833504043025,4.730421377183947,-51.97249339496427,58.396153846153794,12,-18.340000000000003
5,1,180,3.971236350783259,4.276012965964349,-52.00330499272799,62.12898550724641,11,-17.898165137614686
10,3,15,6.119593823409436,6.535802469135799,-52.03249257503466,64.16969696969707,12,-17.898165137614686
10,0.75,180,5.086297824127741,6.793819334389862,-52.12743834547901,62.12898550724641,11,-17.898165137614686
10,1,180,5.086297824127741,6.793819334389862,-52.12743834547901,62.12898550724641,11,-17.898165137614686
10,1.5,180,5.086297824127741,6.793819334389862,-52.12743834547901,62.12898550724641,11,-17.898165137614686
2,1.5,600,3.8418975900541863,4.108998548621179,-52.219448291331034,45.91343283582088,13,-19.140000000000004
3,1.5,600,3.8418975900541863,4.108998548621179,-52.219448291331034,45.91343283582088,13,-19.140000000000004
3,0.75,300,3.208981450063233,2.6552674230145956,-52.25418394382792,52.796551724137814,12,-18.340000000000003
2,1.5,90,4.104076566340658,1.7499486125385322,-52.30415808243224,46.11578947368435,13,-17.898165137614686
5,2,300,3.8764081262943386,4.730421377183947,-52.4086291415706,57.20769230769232,12,-18.340000000000003
3,1,300,3.2029358663621266,2.572147995888996,-52.41316645575162,52.796551724137814,12,-18.340000000000003
2,0.5,30,3.01959471319946,1.3018691588784992,-52.831738914388495,40.85263157894753,13,-17.898165137614686
2,0.75,30,3.01959471319946,1.3018691588784992,-52.831738914388495,40.85263157894753,13,-17.898165137614686
3,2,90,4.293871777387139,2.4723472668810254,-52.90359661778449,46.11578947368435,14,-17.898165137614686
3,2,45,3.562989412223359,2.4210084033613355,-52.99720440605685,49.614814814815006,14,-17.898165137614686
3,2,30,3.5729001327143464,2.365166130760976,-52.999329274966556,47.97173913043456,13,-17.898165137614686
10,2,180,4.967618824932434,6.793819334389862,-53.1310251219796,62.12898550724641,11,-17.898165137614686
10,4,60,6.84648245502176,5.763708399366097,-53.238864189682346,55.078787878787914,12,-17.898165137614686
2,2,600,3.7696123111643245,3.5284470246734423,-53.287875662279404,45.91343283582088,13,-19.140000000000004
3,2,600,3.7696123111643245,3.5284470246734423,-53.287875662279404,45.91343283582088,13,-19.140000000000004
3,3,120,5.725125853939185,2.3673439767779247,-53.3451114373428,40.77749999999979,14,-17.898165137614686
10,4,15,6.610843839345289,5.609876543209869,-53.49134326216266,55.078787878787914,12,-17.898165137614686
3,0.5,180,3.2364104985934974,2.6749229188078094,-53.68716671739272,53.842857142857206,12,-17.898165137614686
3,0.75,180,3.2364104985934974,2.6749229188078094,-53.68716671739272,53.842857142857206,12,-17.898165137614686
10,4,30,6.360511125313407,5.763708399366097,-53.79735452752528,55.078787878787914,12,-17.898165137614686
10,5,90,7.21854268979028,6.545056726094012,-53.82084983667786,51.77307692307696,12,-17.898165137614686
10,4,45,6.58761417870965,5.842947702060231,-53.84724983643116,55.078787878787914,12,-17.898165137614686
5,2,180,3.8547494892073106,4.276012965964349,-53.8614536414649,57.20769230769232,11,-17.898165137614686
2,1,30,2.976996094804916,1.3018691588784992,-53.999124787656704,40.85263157894753,13,-17.898165137614686
3,1,180,3.2218273924813943,2.572147995888996,-54.05623326292986,53.842857142857206,12,-17.898165137614686
7,4,90,4.8925436606262025,3.2613445378151362,-54.10808039708593,42.0962264150942,13,-17.898165137614686
3,3,90,4.423461644710022,3.1710280373831945,-54.10840185078439,46.11578947368435,14,-17.898165137614686
5,0.5,600,3.8935860471252397,4.834687953555872,-54.126646402355405,45.91343283582088,12,-19.140000000000004
7,3,300,3.862486532981326,3.8187227866472884,-54.129669865552536,52.621999999999595,12,-18.340000000000003
2,1.5,60,3.979177785638297,2.0008403361344462,-54.162281857432895,46.97999999999999,13,-17.898165137614686
5,0.75,600,3.885048524714244,4.689550072568938,-54.277475964949666,45.91343283582088,12,-19.140000000000004
2,0.5,180,3.226785492306894,2.6749229188078094,-54.318272677017944,53.842857142857206,11,-17.898165137614686
2,0.75,180,3.226785492306894,2.6749229188078094,-54.318272677017944,53.842857142857206,11,-17.898165137614686
2,1,180,3.2122023861947913,2.572147995888996,-54.68733922255508,53.842857142857206,11,-17.898165137614686
5,1,600,3.8594359574812556,4.254136429608136,-54.72996465273246,45.91343283582088,12,-19.140000000000004
2,2,120,5.397967317367592,2.4723472668810254,-54.76188155947235,50.14565217391294,12,-17.898165137614686
3,1.5,300,3.2047466795937862,2.2222060957909906,-54.804091884784455,46.018918918918835,12,-18.340000000000003
5,3,300,3.7771113088713633,3.702672147995878,-54.82640515967017,46.78831168831158,12,-18.340000000000003
10,0.5,300,4.529172085246575,7.307407407407396,-54.99393707762148,67.02307692307693,11,-18.340000000000003
10,0.75,300,4.529172085246575,7.307407407407396,-54.99393707762148,67.02307692307693,11,-18.340000000000003
10,1,300,4.529172085246575,7.307407407407396,-54.99393707762148,67.02307692307693,11,-18.340000000000003
10,1.5,300,4.529172085246575,7.307407407407396,-54.99393707762148,67.02307692307693,11,-18.340000000000003
5,1.5,600,3.841364637758789,4.108998548621179,-55.10759562819961,45.91343283582088,12,-19.140000000000004
10,3,180,4.794407829582716,6.535802469135799,-55.18859850527665,62.12898550724641,11,-17.898165137614686
7,0.5,600,3.8935860471252397,4.834687953555872,-55.23198878546251,45.91343283582088,12,-19.140000000000004
7,0.75,600,3.8935860471252397,4.834687953555872,-55.23198878546251,45.91343283582088,12,-19.140000000000004
7,1,600,3.8935860471252397,4.834687953555872,-55.23198878546251,45.91343283582088,12,-19.140000000000004
10,2,300,4.499955100439408,7.307407407407396,-55.2740491224394,67.02307692307693,11,-18.340000000000003
7,1.5,600,3.8840522498137706,4.834687953555872,-55.3520368046702,45.91343283582088,12,-19.140000000000004
7,5,90,6.244841481087761,2.5813880126182798,-55.62636172067675,31.47307692307674,13,-17.898165137614686
7,4,180,3.8824176375803536,3.465640194489461,-55.662448886575355,43.63877551020403,12,-17.898165137614686
7,2,600,3.8459170605678934,4.834687953555872,-55.83222888150094,45.91343283582088,12,-19.140000000000004
2,3,600,3.667432315800604,3.702672147995878,-55.85067503691658,40.77749999999979,13,-19.140000000000004
3,3,600,3.667432315800604,3.702672147995878,-55.85067503691658,40.77749999999979,13,-19.140000000000004
10,5,60,6.509476600210789,4.971315372424712,-55.98742119837821,45.46231884057961,12,-17.898165137614686
5,2,600,3.769079358868927,3.702672147995878,-56.17602299914798,45.91343283582088,12,-19.140000000000004
10,5,15,6.453095505776185,4.812836767036444,-56.18892472468991,44.01304347826081,12,-17.898165137614686
7,4,15,4.383258138418449,3.238171262699552,-56.19392283002819,40.85263157894753,13,-17.898165137614686
5,4,120,5.762387766495981,2.677777777777768,-56.19811526029143,36.14999999999993,13,-17.898165137614686
3,1.5,180,3.139312633228558,1.7499486125385322,-56.27934661824404,46.018918918918835,12,-17.898165137614686
3,3,300,3.5936961228815636,2.6552674230145956,-56.29112291391522,40.77749999999979,12,-18.340000000000003
3,3,60,4.068996244178056,2.236448598130847,-56.33393431449406,34.18571428571431,14,-17.898165137614686
2,2,60,3.953159546049051,2.0069692058346855,-56.47025741498643,47.62692307692307,13,-17.898165137614686
7,4,60,4.346066108648016,3.238171262699552,-56.534603783345275,41.59795918367339,13,-17.898165137614686
10,3,300,4.487483374092027,6.69012345679011,-56.56502983285766,65.68484848484849,11,-18.340000000000003
10,4,180,5.063898430297387,5.609876543209869,-56.582628434974744,55.078787878787914,11,-17.898165137614686
3,2,300,3.178316030584247,2.5795284030010524,-56.58373654942781,42.207407407407786,12,-18.340000000000003
7,4,30,4.125444106139122,3.238171262699552,-56.60311496948429,40.85263157894753,13,-17.898165137614686
10,5,30,6.245947188446083,4.971315372424712,-56.63843259107758,45.46231884057961,12,-17.898165137614686
10,5,45,6.245947188446083,4.971315372424712,-56.63843259107758,45.46231884057961,12,-17.898165137614686
7,4,300,4.011260100246594,3.238171262699552,-56.675518516980354,42.0962264150942,12,-18.340000000000003
2,1.5,15,3.02910519880304,1.0345218800648426,-56.761931590815,29.10666666666637,14,-17.898165137614686
2,1.5,180,3.1296876269419545,1.7499486125385322,-56.91045257786927,46.018918918918835,11,-17.898165137614686
5,3,180,3.719722542099018,3.702672147995878,-56.924662657938654,46.78831168831158,11,-17.898165137614686
7,4,45,4.0806737042709065,3.141491085899506,-57.17968426997338,39.55714285714275,13,-17.898165137614686
3,4,120,5.615011218221807,2.572147995888996,-57.41335368180467,32.50259740259733,14,-17.898165137614686
10,4,300,4.817850953546887,5.609876543209869,-57.443250932680506,55.078787878787914,11,-18.340000000000003
10,5,120,6.31620339344505,6.545056726094012,-57.48331648659424,39.927272727272666,12,-17.898165137614686
3,3,15,3.4517658502835,2.3673439767779247,-57.60548180548778,40.77749999999979,14,-17.898165137614686
5,4,300,3.900272308903643,2.6552674230145956,-57.78250242375059,33.434693877551126,12,-18.340000000000003
2,2,90,3.9687612005243325,1.520745542949753,-58.12676171343736,36.08846153846142,13,-17.898165137614686
7,3,600,3.6452684040781174,3.8187227866472884,-58.14609988444757,45.91343283582088,12,-19.140000000000004
5,4,90,4.4661074151835365,2.677777777777768,-58.259352584779414,36.14999999999993,13,-17.898165137614686
2,3,120,5.540603210895117,2.3673439767779247,-58.58357758242149,40.77749999999979,12,-17.898165137614686
3,2,180,3.1186230851993484,1.0589403973510048,-58.623430043899035,24.397297297297115,12,-17.898165137614686
5,3,600,3.559893179968155,3.702672147995878,-58.84283517856521,40.77749999999979,12,-19.140000000000004
2,2,180,3.108998078912745,1.0589403973510048,-59.254536003524265,24.397297297297115,11,-17.898165137614686
7,5,120,5.34250218474253,2.5813880126182798,-59.28882837059313,29.353061224489856,13,-17.898165137614686
5,4,15,4.02194019121759,2.677777777777768,-59.426909151338904,36.14999999999993,13,-17.898165137614686
3,4,90,4.318730866909363,2.572147995888996,-59.474591006292655,32.50259740259733,14,-17.898165137614686
10,5,180,4.848035783714479,4.066666666666652,-59.60312150796861,39.927272727272666,11,-17.898165137614686
3,4,300,3.7250612829898335,2.572147995888996,-59.606260115040705,32.50259740259733,12,-18.340000000000003
10,5,300,4.942728369803269,4.066666666666652,-59.69821265390756,39.927272727272666,11,-18.340000000000003
2,0.5,300,2.964935313818719,2.6552674230145956,-59.80036739621929,52.796551724137814,11,-18.340000000000003
5,4,30,3.764126158938264,2.677777777777768,-59.83610129079501,36.14999999999993,13,-17.898165137614686
5,4,60,3.963042062033222,2.572147995888996,-59.9938344485474,32.50259740259733,13,-17.898165137614686
10,0.5,600,4.052185692140232,6.239144215530901,-59.99459535225576,22.368749999999988,11,-19.140000000000004
10,0.75,600,4.052185692140232,6.239144215530901,-59.99459535225576,22.368749999999988,11,-19.140000000000004
10,1,600,4.052185692140232,6.239144215530901,-59.99459535225576,22.368749999999988,11,-19.140000000000004
10,1.5,600,4.052185692140232,6.239144215530901,-59.99459535225576,22.368749999999988,11,-19.140000000000004
10,2,600,4.052185692140232,6.239144215530901,-59.99459535225576,22.368749999999988,11,-19.140000000000004
3,3,45,3.2238922496011284,2.3673439767779247,-60.045761653709334,30.326315789473597,14,-17.898165137614686
2,1.5,45,2.8113473599396537,1.196596434359798,-60.07064662937427,29.10666666666637,13,-17.898165137614686
3,3,180,3.1249653901963157,1.4005359056806,-60.16963914556209,28.406521739130415,12,-17.898165137614686
3,3,30,3.213131388435326,2.236448598130847,-60.2933681773961,34.18571428571431,13,-17.898165137614686
5,5,90,5.460964607912813,2.3311183144246406,-60.311414096788134,29.353061224489856,13,-17.898165137614686
5,4,45,3.719355757070048,2.572147995888996,-60.41267059128409,32.50259740259733,13,-17.898165137614686
2,0.75,300,2.933411450254,2.6552674230145956,-60.43975358547762,52.796551724137814,11,-18.340000000000003
2,1,300,2.9273658665528934,2.572147995888996,-60.598736097401314,52.796551724137814,11,-18.340000000000003
7,5,300,4.032422458176546,2.2638232271325776,-60.64087939985124,28.6064935064935,12,-18.340000000000003
7,5,60,4.398850033129624,2.3311183144246406,-60.775346094714784,29.353061224489856,13,-17.898165137614686
2,1.5,30,2.742399766574828,1.0345218800648426,-60.932749588928566,24.699999999999736,12,-17.898165137614686
7,5,15,4.300518719621653,2.3311183144246406,-61.09153367068029,29.353061224489856,13,-17.898165137614686
7,5,45,4.160036390025323,2.4210084033613355,-61.116759964194344,30.326315789473597,13,-17.898165137614686
10,3,600,3.9128335211169727,6.239144215530901,-61.14415546955781,22.368749999999988,11,-19.140000000000004
3,4,60,3.8156655137590483,2.0008403361344462,-61.209072870060645,27.042857142857095,14,-17.898165137614686
2,4,120,5.477573065390581,2.572147995888996,-61.31475424202873,32.50259740259733,13,-17.898165137614686
7,5,180,3.87433457501196,2.3311183144246406,-61.4086333919675,29.353061224489856,12,-17.898165137614686
7,5,30,4.135320621364918,2.3311183144246406,-61.42635748741416,29.353061224489856,13,-17.898165137614686
10,4,600,4.204604822109535,5.609876543209869,-61.550093200391174,22.368749999999988,11,-19.140000000000004
2,2,15,2.941113231221576,0.9291595197255532,-61.55072556269079,24.397297297297115,13,-17.898165137614686
5,4,180,3.3402493387203966,2.572147995888996,-61.56854064915762,32.50259740259733,11,-17.898165137614686
2,3,90,4.0829445304083025,2.3673439767779247,-61.85338784518214,40.77749999999979,12,-17.898165137614686
7,4,600,3.306254929070149,3.141491085899506,-61.93051235301066,32.50259740259733,12,-19.140000000000004
5,5,300,3.9214346668335933,2.2638232271325776,-62.036431564113165,28.6064935064935,12,-18.340000000000003
2,4,600,3.177784818437993,2.572147995888996,-62.66902427405432,23.662499999999998,13,-19.140000000000004
3,4,600,3.177784818437993,2.572147995888996,-62.66902427405432,23.662499999999998,13,-19.140000000000004
3,4,180,3.192872790446223,1.3513788098693857,-62.78377907067086,23.277500000000188,12,-17.898165137614686
2,1.5,300,2.929176679784553,2.2222060957909906,-62.989661526434155,46.018918918918835,11,-18.340000000000003
5,4,600,3.195267137727198,2.572147995888996,-63.037496259780895,23.662499999999998,12,-19.140000000000004
3,5,90,5.263149877935093,2.2638232271325776,-63.17769351364077,28.6064935064935,12,-17.898165137614686
2,3,60,3.7834543910088265,2.0008403361344462,-63.238584174438024,28.406521739130415,12,-17.898165137614686
5,5,120,4.586112942133829,2.3311183144246406,-63.55371267947762,29.20197740112996,13,-17.898165137614686
5,5,180,3.7083715225365173,2.3311183144246406,-63.603240178078174,29.353061224489856,11,-17.898165137614686
10,5,600,4.418144280572784,4.066666666666652,-63.720735660795675,22.368749999999988,11,-19.140000000000004
2,3,180,3.041461957277407,1.4005359056806,-63.741921575775514,28.406521739130415,11,-17.898165137614686
7,5,600,3.709837579174715,2.2638232271325776,-63.89633711908581,27.00188679245275,12,-19.140000000000004
3,4,30,3.1021698508013125,1.769158878504673,-64.46904746207481,27.042857142857095,13,-17.898165137614686
2,3,300,3.3181261230723305,2.6552674230145956,-64.47669255556491,40.77749999999979,11,-18.340000000000003
3,4,15,3.3398042846546474,1.769158878504673,-64.48002338984561,27.042857142857095,13,-17.898165137614686
2,2,300,2.9027460307750137,2.5795284030010524,-64.76930619107752,42.207407407407786,11,-18.340000000000003
3,4,45,3.0674892481460923,1.769158878504673,-64.83553272895047,27.042857142857095,14,-17.898165137614686
2,5,300,3.7236199368558727,2.0069692058346855,-64.90271098096581,25.271428571428586,11,-18.340000000000003
3,5,300,3.7236199368558727,2.0069692058346855,-64.90271098096581,25.271428571428586,11,-18.340000000000003
2,2,30,2.689086654283517,0.9277492291880686,-65.01030254265795,24.397297297297115,11,-17.898165137614686
2,4,300,3.5051602384598723,2.572147995888996,-65.12954442876615,32.50259740259733,11,-18.340000000000003
5,5,600,3.598849787831763,2.2638232271325776,-65.29188928334774,23.662499999999998,12,-19.140000000000004
2,4,180,3.1378975293137334,1.3513788098693857,-65.42467542921423,23.277500000000188,12,-17.898165137614686
5,5,60,3.6149731599546766,2.2638232271325776,-65.46039847082618,28.6064935064935,13,-17.898165137614686
2,2,45,2.6474181265390593,0.9277492291880686,-65.69966336935818,24.397297297297115,12,-17.898165137614686
2,3,15,3.1019705767685672,1.4005359056806,-65.74262466263065,28.406521739130415,12,-17.898165137614686
5,5,15,3.5166418464467064,2.2638232271325776,-65.77658604679168,28.6064935064935,13,-17.898165137614686
5,5,45,3.376159516850376,2.3311183144246406,-65.80181234030573,29.353061224489856,13,-17.898165137614686
5,5,30,3.351443748189971,2.2638232271325776,-66.11140986352555,28.6064935064935,13,-17.898165137614686
2,4,90,4.071342191813157,2.572147995888996,-66.17711201469598,32.50259740259733,13,-17.898165137614686
3,5,120,4.388298212156108,2.2638232271325776,-66.41999209633025,28.6064935064935,12,-17.898165137614686
3,5,180,3.510556792558796,2.2638232271325776,-66.4695195949308,28.6064935064935,10,-17.898165137614686
2,5,600,3.465982172346525,2.2638232271325776,-67.36631349658049,23.662499999999998,11,-19.140000000000004
3,5,600,3.465982172346525,2.2638232271325776,-67.36631349658049,23.662499999999998,11,-19.140000000000004
2,3,30,2.9183113760528845,1.4005359056806,-67.59017490008519,28.406521739130415,11,-17.898165137614686
2,4,60,3.568276838662842,2.0008403361344462,-67.91159387846398,25.06315789473677,13,-17.898165137614686
2,3,45,2.8740969760861956,1.4005359056806,-68.18290451085221,28.406521739130415,12,-17.898165137614686
3,5,60,3.417158429976956,2.0008403361344462,-68.32667788767881,25.06315789473677,12,-17.898165137614686
2,5,90,5.098224094537621,2.2638232271325776,-68.61971032036342,28.6064935064935,11,-17.898165137614686
3,5,45,3.1783447868726555,2.2638232271325776,-68.66809175715836,28.6064935064935,12,-17.898165137614686
2,4,30,2.9097564368375974,1.3760147601476036,-69.21078415675264,23.277500000000188,12,-17.898165137614686
2,4,15,3.147390870690932,1.3760147601476036,-69.22176008452344,23.277500000000188,12,-17.898165137614686
2,4,45,2.8750758341823768,1.3760147601476036,-69.5772694236283,23.277500000000188,13,-17.898165137614686
2,5,180,3.4006062702938156,2.2638232271325776,-71.07120026719969,28.6064935064935,10,-17.898165137614686
2,5,120,4.195884798192391,2.2638232271325776,-72.2821769702798,28.6064935064935,11,-17.898165137614686
3,5,15,2.743708561328233,0.6380073800737908,-73.32107741509157,10.170588235293952,11,-17.898165137614686
3,5,30,2.578510463071498,0.6380073800737908,-73.65590123182542,10.170588235293952,11,-17.898165137614686
2,5,60,3.252232646579485,2.0008403361344462,-73.76869469440147,25.06315789473677,11,-17.898165137614686
2,5,45,3.0134190034751844,2.2638232271325776,-74.11010856388103,28.6064935064935,11,-17.898165137614686
2,5,15,2.578782777930762,0.6380073800737908,-78.76309422181423,10.170588235293952,10,-17.898165137614686
2,5,30,2.4135846796740266,0.6380073800737908,-79.09791803854809,10.170588235293952,10,-17.898165137614686
