case_label,market,cycle_id,stage6_kst,stage6_price,observed_sec,post_stage6_high,max_return_pct,post_stage6_low,max_drawdown_pct,sec_to_10pct,outcome,t_value_x,t_age_sec,stage5_attempts,stage4_rise_pct,stage4_t_ticks,stage4_trades10,stage5_bid_share,stage6_rise_pct,stage5_to_6_sec
V55_FLOCK_C2_061327,KRW-FLOCK,2,2026-09-06T06:13:27+09:00,86.7,3595,87.0,0.34602076124568004,83.3,-3.9215686274509887,,FAKE,3.1846853472647045,36,4,0.46511627906977715,17.00000000000003,65,0.7988098841888547,0.3472222222222099,1
V55_ZRO_C4_064536,KRW-ZRO,4,2026-09-06T06:45:36+09:00,1456.0,3364,1484.0,1.9230769230769162,1447.0,-0.6181318681318659,,FAKE,11.960636130483337,2261,1,0.9027777777777857,31.0,8,0.6368499040372902,0.2064693737095613,3
V55_ZRO_C7_070140,KRW-ZRO,7,2026-09-06T07:01:40+09:00,1460.0,3573,1474.0,0.9589041095890316,1449.0,-0.7534246575342518,,FAKE,5.331436943212752,7,1,0.4135079255685792,10.0,17,0.9989313666071538,0.20590253946466408,1
V55_FLOCK_C7_072638,KRW-FLOCK,7,2026-09-06T07:26:38+09:00,87.0,3599,89.4,2.758620689655178,84.7,-2.643678160919538,,FAKE,4.536947856848082,89,4,0.4634994206257348,12.000000000000028,63,0.5644082508047769,0.34602076124568004,7
V55_FLOCK_C8_073402,KRW-FLOCK,8,2026-09-06T07:34:02+09:00,89.3,3600,89.4,0.11198208286675726,84.1,-5.823068309070556,,FAKE,2.8076983478937927,51,1,0.7927519818799578,9.000000000000057,99,0.9928707010863533,0.3370786516853963,1
V55_FLOCK_C11_083537,KRW-FLOCK,11,2026-09-06T08:35:37+09:00,85.7,3600,92.1,7.467911318553089,84.6,-1.2835472578763274,,FAKE,2.8481583361982756,99,1,0.9456264775413947,10.0,50,0.9555613549971288,0.3512880562060783,1
V55_ELSA_C10_084016,KRW-ELSA,10,2026-09-06T08:40:16+09:00,72.89999999999999,3582,78.1,7.133058984910834,72.4,-0.685871056241405,,FAKE,4.734911596732841,767,1,0.5540166204986097,7.999999999999972,28,0.8463230256113292,0.4132231404958553,3
V55_SOPH_C2_090011,KRW-SOPH,2,2026-09-06T09:00:11+09:00,6.48,3600,7.14,10.185185185185164,6.44,-0.6172839506172867,371.0,SUCCESS,8.691026595019135,11017,5,2.0569620253164445,40.000000000000036,85,0.999636377603152,0.46511627906977715,2
V55_FLOCK_C12_090043,KRW-FLOCK,12,2026-09-06T09:00:43+09:00,89.0,3599,92.1,3.483146067415732,85.5,-3.93258426966292,,FAKE,3.0993911859596577,15,1,0.45300113250283935,10.0,115,0.9477313611868416,0.33821871476888976,2
V55_ELSA_C11_090058,KRW-ELSA,11,2026-09-06T09:00:58+09:00,74.0,3598,78.1,5.5405405405405395,73.7,-0.40540540540540126,,FAKE,3.3066088537454235,100,1,0.5457025920873271,11.000000000000085,54,0.9973850700787866,0.407055630936215,8
V55_QUID_C2_090158,KRW-QUID,2,2026-09-06T09:01:58+09:00,91.0,3596,98.6,8.351648351648343,90.9,-0.1098901098900984,,FAKE,12.938660990850558,10358,1,0.5543237250554389,15.0,18,0.6491900274104021,0.330760749724357,3
V55_LA_C8_090254,KRW-LA,8,2026-09-06T09:02:54+09:00,95.5,3597,98.8,3.4554973821989465,93.8,-1.7801047120418856,,FAKE,4.855732346088136,72,2,0.5279831045406524,22.00000000000003,42,0.5151976027204509,0.31512605042016695,5
V55_T_C1_090409,KRW-T,1,2026-09-06T09:04:09+09:00,6.04,3600,6.79,12.41721854304636,6.02,-0.33112582781458233,948.0,SUCCESS,31.310098264893355,11119,1,0.5016722408026641,18.99999999999995,77,0.7069068371774033,0.4991680532445919,1
V55_EDGE_C6_090647,KRW-EDGE,6,2026-09-06T09:06:47+09:00,98.3,3343,99.1,0.8138351983723258,96.1,-2.238046795523907,,FAKE,603.0793480641947,1823,3,0.4098360655737654,14.000000000000057,16,0.9491033262904726,0.3061224489795844,3
V55_SNT_C3_090750,KRW-SNT,3,2026-09-06T09:07:50+09:00,9.709999999999999,3322,9.8,0.9268795056642798,9.57,-1.441812564366618,,FAKE,209.45807075668628,7236,1,0.4149377593360981,14.000000000000057,22,1.0,0.30991735537189147,3
V55_UP2_C1_090801,KRW-UP2,1,2026-09-06T09:08:01+09:00,75.39999999999999,3578,76.4,1.326259946949615,73.7,-2.2546419098143033,,FAKE,2879.9999998400003,11852,2,0.5354752342703994,38.999999999999915,40,0.9984424174114114,0.3994673768308976,5
V55_T_C2_091934,KRW-T,2,2026-09-06T09:19:34+09:00,6.430000000000001,3596,6.79,5.598755832037305,6.36,-1.0886469673406007,,FAKE,2.8519940931619443,54,1,0.6289308176100628,11.000000000000032,121,0.6535625571466143,0.46874999999999556,2
V55_QUID_C3_093830,KRW-QUID,3,2026-09-06T09:38:30+09:00,96.6,3592,98.4,1.8633540372670954,93.6,-3.105590062111796,,FAKE,3.093961148569226,302,1,0.4171011470281538,17.00000000000003,71,0.7046972797813682,0.31152647975076775,6
V55_ARB_C10_094801,KRW-ARB,10,2026-09-06T09:48:01+09:00,265.0,3598,270.0,1.8867924528301883,257.0,-3.018867924528301,,FAKE,12.738473234226463,1844,1,1.158301158301156,10.0,206,0.988073028311979,1.1450381679389388,54
V55_LA_C10_095119,KRW-LA,10,2026-09-06T09:51:19+09:00,97.89999999999999,3525,99.8,1.9407558733401498,95.6,-2.3493360572012234,,FAKE,3.327617722292142,670,3,0.411522633744843,15.999999999999943,27,0.8987147431891686,0.30737704918033515,12
V55_BONK_C17_100647,KRW-BONK,17,2026-09-06T10:06:47+09:00,0.00665,2597,0.0068,2.2556390977443552,0.00636,-4.360902255639088,,FAKE,2.84241671462684,116,1,1.2232415902140747,16.00000000000004,137,0.9943832693814686,0.45317220543805714,2
V55_FLOCK_C20_103842,KRW-FLOCK,20,2026-09-06T10:38:42+09:00,90.1,681,90.4,0.33296337402886067,88.3,-1.9977802441731418,,IN_PROGRESS,3.7409530615045163,6,2,0.7856341189674598,12.999999999999972,162,0.9079043496413366,0.33407572383072903,1
