market,name,date,entry,ma15,ma50,ma120,ma15_above_50,ma50_above_120,value_accel_pct,ret3_pct,dd3_pct,ret7_pct,dd7_pct,ret14_pct,dd14_pct,ret30_pct,dd30_pct
KRW-PENGU,펏지펭귄,2026-08-28,12.7,10.982,9.501,10.723083333333333,True,False,-20.50373586422444,0.0,-5.5118110236220375,0.0,-10.236220472440937,0.0,-10.236220472440937,0.0,-10.236220472440937
KRW-ETHFI,이더파이,2026-07-17,651.0,611.9333333333333,538.22,609.35,True,False,-10.197419953387588,2.457757296466978,0.6144393241167334,3.840245775729656,-5.222734254992323,3.840245775729656,-12.903225806451612,9.677419354838701,-21.96620583717358
KRW-ETHFI,이더파이,2026-08-18,677.0,586.4,598.78,580.8583333333333,False,True,-27.477158405016088,22.15657311669128,6.646971935007384,25.11078286558346,6.646971935007384,25.11078286558346,6.646971935007384,25.11078286558346,6.646971935007384
KRW-SHIB,시바이누,2026-09-02,0.00712,0.007253333333333333,0.0067432,0.007238333333333334,True,False,-4.035894084398817,5.89887640449438,0.7022471910112404,5.89887640449438,0.7022471910112404,5.89887640449438,0.7022471910112404,5.89887640449438,0.7022471910112404
KRW-UNI,유니스왑,2026-07-13,5275.0,4865.933333333333,4468.98,4832.725,True,False,-14.62609153987886,1.9905213270142275,-1.2322274881516604,1.9905213270142275,-1.9905213270142164,7.014218009478679,-1.9905213270142164,18.957345971563978,-4.1706161137440745
KRW-SKY,스카이프로토콜,2026-09-01,102.0,91.96000000000001,85.024,90.2925,True,False,69.87091427923208,-8.333333333333337,-8.92156862745097,-8.333333333333337,-9.019607843137257,-8.333333333333337,-9.019607843137257,-8.333333333333337,-9.019607843137257
KRW-SKR,시커,2026-09-01,31.2,16.464000000000002,12.6358,15.354916666666666,True,False,17.236543165319283,3.205128205128216,-11.538461538461531,3.205128205128216,-11.538461538461531,3.205128205128216,-11.538461538461531,3.205128205128216,-11.538461538461531
KRW-PEPE,페페,2026-08-27,0.00537,0.004601333333333333,0.004222,0.0045808333333333335,True,False,-42.711569725472884,-4.469273743016755,-11.731843575418988,-4.469273743016755,-12.104283054003718,-4.469273743016755,-12.104283054003718,-4.469273743016755,-12.104283054003718
KRW-AAVE,에이브,2026-07-10,142700.0,135806.66666666666,118982.0,135370.0,True,False,14.033121456067166,2.592852137351076,-1.7519271198318198,2.592852137351076,-6.937631394533983,2.592852137351076,-7.9187105816397985,3.153468815697269,-11.28241065171689
KRW-AAVE,에이브,2026-08-22,173100.0,131886.66666666666,135170.0,129234.16666666667,False,True,74.04319642197328,12.13171577123051,1.675332177931832,12.13171577123051,-2.3685730791449977,12.13171577123051,-2.3685730791449977,12.13171577123051,-2.3685730791449977
KRW-JUP,주피터,2026-06-21,322.0,269.3333333333333,291.3,264.7083333333333,False,True,35.16003983044198,2.795031055900621,-4.037267080745344,9.627329192546586,-4.037267080745344,13.975155279503104,-4.037267080745344,13.975155279503104,-10.869565217391308
KRW-JUP,주피터,2026-09-02,307.0,293.26666666666665,275.16,292.95,True,False,-13.886205818150232,1.6286644951140072,-3.2573289902280145,1.6286644951140072,-3.2573289902280145,1.6286644951140072,-3.2573289902280145,1.6286644951140072,-3.2573289902280145
KRW-ATOM,코스모스,2026-06-20,2730.0,2803.9333333333334,2900.9,2796.241666666667,False,True,-19.074080393211943,-0.5494505494505475,-5.164835164835169,-0.5494505494505475,-12.08791208791209,-0.5494505494505475,-15.714285714285714,-0.5494505494505475,-20.439560439560445
KRW-A,볼타,2026-09-04,105.0,104.73333333333333,95.706,104.46666666666667,True,False,8.102540586407226,3.809523809523818,3.809523809523818,3.809523809523818,3.809523809523818,3.809523809523818,3.809523809523818,3.809523809523818,3.809523809523818
KRW-TRUMP,오피셜트럼프,2026-08-28,3791.0,2731.4,2358.68,2699.1,True,False,-15.356157428919682,-1.6354523872329163,-14.1651279345819,-1.6354523872329163,-19.519915589554206,-1.6354523872329163,-19.519915589554206,-1.6354523872329163,-19.519915589554206
KRW-G,그래비티,2026-08-14,5.22,5.056666666666667,5.0158,5.033083333333334,True,False,1.2552583725921052,2.298850574712641,0.19157088122607746,11.494252873563227,0.19157088122607746,11.494252873563227,0.19157088122607746,11.494252873563227,-3.6398467432950055
KRW-CELO,셀로,2026-09-03,104.0,103.17333333333333,95.462,102.48666666666666,True,False,57.150232435443485,0.9615384615384581,-1.9230769230769273,0.9615384615384581,-1.9230769230769273,0.9615384615384581,-1.9230769230769273,0.9615384615384581,-1.9230769230769273
KRW-AERO,에어로드롬파이낸스,2026-06-19,725.0,571.9333333333333,626.94,568.875,False,True,15.911382798021357,15.034482758620694,6.206896551724128,15.034482758620694,-0.5517241379310311,16.551724137931046,-4.27586206896552,21.65517241379311,-8.275862068965523
KRW-AERO,에어로드롬파이낸스,2026-08-30,667.0,659.5333333333333,637.1,658.6166666666667,True,False,-38.804465964699254,-1.9490254872563728,-4.497751124437777,8.695652173913038,-4.497751124437777,8.695652173913038,-4.497751124437777,8.695652173913038,-4.497751124437777
KRW-EGLD,멀티버스엑스,2026-09-01,5560.0,4730.4,4292.14,4693.075,True,False,4.750129114256163,31.38489208633093,15.64748201438848,31.38489208633093,12.230215827338121,31.38489208633093,12.230215827338121,31.38489208633093,12.230215827338121
KRW-FF,팔콘파이낸스,2026-08-28,126.0,107.53999999999999,96.13600000000001,107.39416666666666,True,False,-20.12817121858236,2.3809523809523725,-6.349206349206349,18.253968253968257,-6.349206349206349,27.777777777777768,-6.349206349206349,27.777777777777768,-6.349206349206349
KRW-PLUME,플룸,2026-08-20,18.7,17.4,16.316,17.298333333333336,True,False,-28.38855859029914,8.556149732620334,0.5347593582887722,8.556149732620334,-1.6042780748663166,9.090909090909083,-1.6042780748663166,9.090909090909083,-1.6042780748663166
KRW-ESP,에스프레소,2026-07-25,109.0,105.06666666666666,101.56,104.48,True,False,245.3066974957938,46.78899082568808,-7.339449541284404,46.78899082568808,-14.678899082568808,46.78899082568808,-20.733944954128436,46.78899082568808,-20.733944954128436
KRW-ESP,에스프레소,2026-08-21,119.0,103.33999999999999,102.52799999999999,101.66166666666666,True,True,15.288517452376137,5.042016806722693,0.0,6.72268907563025,-2.5210084033613467,6.72268907563025,-9.243697478991598,6.72268907563025,-9.243697478991598
KRW-VIRTUAL,버추얼프로토콜,2026-08-31,960.0,952.3333333333334,872.6,941.1416666666667,True,False,-17.609881740583432,-0.7291666666666696,-3.229166666666672,-0.7291666666666696,-5.52083333333333,-0.7291666666666696,-5.52083333333333,-0.7291666666666696,-5.52083333333333
KRW-ETH,이더리움,2026-08-23,3382000.0,2874666.6666666665,2764200.0,2856466.6666666665,True,False,8.231214116436814,3.015966883500898,0.3548196333530429,3.015966883500898,-0.6209343583678306,3.015966883500898,-2.631578947368418,3.015966883500898,-2.631578947368418
KRW-ID,스페이스아이디,2026-06-29,53.3,50.67333333333333,47.083999999999996,50.37583333333334,True,False,-25.763318218590992,-0.9380863039399667,-5.44090056285178,12.570356472795496,-5.44090056285178,12.570356472795496,-5.44090056285178,12.570356472795496,-26.266416510318948
KRW-PENDLE,펜들,2026-07-09,2276.0,2104.9333333333334,2129.42,2104.4333333333334,False,True,16.194651468540002,0.6151142355008687,-0.9666080843585223,2.152899824253085,-4.569420035149385,4.393673110720564,-4.569420035149385,4.393673110720564,-15.597539543057993
KRW-PENDLE,펜들,2026-08-31,2425.0,2278.9333333333334,2144.14,2243.5916666666667,True,False,16.93222949016635,10.762886597938138,4.0824742268041225,10.762886597938138,4.0824742268041225,10.762886597938138,4.0824742268041225,10.762886597938138,4.0824742268041225
KRW-AWE,에이더블유이,2026-08-15,91.2,82.94666666666667,84.542,82.80666666666666,False,True,22.341848181334377,-5.043859649122817,-9.21052631578948,0.8771929824561431,-9.21052631578948,0.8771929824561431,-9.21052631578948,0.8771929824561431,-9.21052631578948
KRW-THETA,쎄타토큰,2026-09-01,235.0,239.2,207.52,236.18333333333334,True,False,2.651868625847542,3.8297872340425476,-1.7021276595744705,3.8297872340425476,-1.7021276595744705,3.8297872340425476,-1.7021276595744705,3.8297872340425476,-1.7021276595744705
KRW-ARB,아비트럼,2026-09-03,192.0,138.93333333333334,123.22,135.0,True,False,37.96174317865124,0.5208333333333259,-6.25,0.5208333333333259,-6.25,0.5208333333333259,-6.25,0.5208333333333259,-6.25
KRW-POL,폴리곤에코시스템토큰,2026-08-25,170.0,122.86666666666666,115.52,122.49166666666666,True,False,8.511230503079915,-8.823529411764708,-11.764705882352944,-8.823529411764708,-26.470588235294112,-8.823529411764708,-26.470588235294112,-8.823529411764708,-26.470588235294112
KRW-SUPER,슈퍼버스,2026-08-31,148.0,144.53333333333333,128.58,143.86666666666667,True,False,-43.78901991168488,6.756756756756754,-1.3513513513513487,6.756756756756754,-1.3513513513513487,6.756756756756754,-1.3513513513513487,6.756756756756754,-1.3513513513513487
KRW-VET,비체인,2026-08-30,9.35,7.978,7.1266,7.9517500000000005,True,False,3.0214414123824085,-1.17647058823529,-4.064171122994642,1.497326203208571,-4.064171122994642,1.497326203208571,-4.064171122994642,1.497326203208571,-4.064171122994642
KRW-QTUM,퀀텀,2026-08-31,1134.0,1125.4,1013.26,1117.2,True,False,-28.24668542289448,2.910052910052907,-0.9700176366843061,4.497354497354489,-0.9700176366843061,4.497354497354489,-0.9700176366843061,4.497354497354489,-0.9700176366843061
KRW-LINK,체인링크,2026-08-21,16470.0,13035.333333333334,12347.6,12794.75,True,False,44.35919499139229,-2.975106253794779,-3.885853066180933,0.12143290831816422,-4.857316332726169,0.12143290831816422,-7.043108682452948,0.12143290831816422,-7.043108682452948
KRW-XRP,엑스알피(리플),2026-08-29,1941.0,1791.6,1622.14,1756.3666666666666,True,False,-20.36049506944282,-2.1123132405976297,-3.76094796496651,1.9577537351880503,-4.224626481195259,1.9577537351880503,-4.224626481195259,1.9577537351880503,-4.224626481195259
KRW-ENA,에테나,2026-08-23,222.0,142.06666666666666,128.24,137.45,True,False,32.06385638018831,-4.95495495495496,-10.360360360360366,5.855855855855863,-10.360360360360366,5.855855855855863,-10.360360360360366,5.855855855855863,-10.360360360360366
KRW-PYTH,피스네트워크,2026-07-13,70.2,63.559999999999995,57.416000000000004,63.52833333333333,True,False,-16.390561328496567,5.555555555555536,-2.1367521367521403,5.555555555555536,-2.1367521367521403,5.555555555555536,-10.96866096866097,5.555555555555536,-23.5042735042735
KRW-PYTH,피스네트워크,2026-08-27,67.9,62.28,63.104,62.27833333333333,False,True,-7.8195380482329995,-1.3254786450662803,-3.53460972017674,16.347569955817363,-3.53460972017674,16.347569955817363,-3.53460972017674,16.347569955817363,-3.53460972017674
KRW-ENS,이더리움네임서비스,2026-08-31,8045.0,7388.333333333333,6533.4,7379.875,True,False,-27.7373638448848,-1.9266625233063994,-7.520198881292728,0.7458048477315016,-7.520198881292728,0.7458048477315016,-7.520198881292728,0.7458048477315016,-7.520198881292728
KRW-PUMP,펌프펀,2026-07-25,2.61,2.5406666666666666,2.3184,2.5314166666666664,True,False,-53.014160022290724,18.39080459770115,9.195402298850585,18.39080459770115,1.9157088122605526,31.800766283524908,1.9157088122605526,174.71264367816093,1.9157088122605526
KRW-ZRO,레이어제로,2026-09-02,1390.0,1472.8666666666666,1246.82,1460.3833333333334,True,False,-22.65541976264853,10.503597122302155,2.302158273381294,10.503597122302155,2.302158273381294,10.503597122302155,2.302158273381294,10.503597122302155,2.302158273381294
KRW-RAY,레이디움,2026-07-10,1036.0,1014.4,981.0,1007.225,True,False,0.9167160428491306,-1.6409266409266432,-4.826254826254828,-1.6409266409266432,-4.826254826254828,0.5791505791505891,-12.06563706563707,0.5791505791505891,-16.988416988416986
KRW-RAY,레이디움,2026-08-29,1107.0,1004.8666666666667,950.4,999.55,True,False,-3.2990115804612863,2.4390243902439046,-3.342366757000903,6.323396567299011,-3.342366757000903,6.323396567299011,-3.342366757000903,6.323396567299011,-3.342366757000903
KRW-ZRX,제로엑스,2026-09-03,138.0,133.73333333333332,121.44,133.43333333333334,True,False,40.40150242766063,2.898550724637672,2.898550724637672,2.898550724637672,2.898550724637672,2.898550724637672,2.898550724637672,2.898550724637672,2.898550724637672
KRW-XPL,플라즈마,2026-07-05,161.0,147.46666666666667,133.418,147.02416666666667,True,False,-8.054866982673836,1.8633540372670732,-15.527950310559003,1.8633540372670732,-17.391304347826086,1.8633540372670732,-26.708074534161486,1.8633540372670732,-34.161490683229815
KRW-MASK,마스크네트워크,2026-09-04,603.0,594.7333333333333,543.68,591.3833333333333,True,False,0.6499314940045187,1.4925373134328401,1.4925373134328401,1.4925373134328401,1.4925373134328401,1.4925373134328401,1.4925373134328401,1.4925373134328401,1.4925373134328401
KRW-COMP,컴파운드,2026-09-03,27270.0,26586.0,24820.2,26473.416666666668,True,False,168.39680706577641,0.5133846718005097,-2.236890355702237,0.5133846718005097,-2.236890355702237,0.5133846718005097,-2.236890355702237,0.5133846718005097,-2.236890355702237
KRW-RED,레드스톤,2026-09-04,166.0,156.33333333333334,139.32,155.975,True,False,6.358280296635566,3.6144578313253017,3.6144578313253017,3.6144578313253017,3.6144578313253017,3.6144578313253017,3.6144578313253017,3.6144578313253017,3.6144578313253017
KRW-TIA,셀레스티아,2026-06-21,549.0,530.7333333333333,579.88,528.7833333333333,False,True,-31.148961457784587,5.64663023679417,3.0965391621129434,5.64663023679417,-1.821493624772308,10.564663023679422,-1.821493624772308,11.65755919854281,-4.735883424408016
KRW-ADA,에이다,2026-09-01,272.0,284.93333333333334,262.88,284.55833333333334,True,False,-6.76030476862628,11.029411764705888,1.8382352941176405,11.029411764705888,1.8382352941176405,11.029411764705888,1.8382352941176405,11.029411764705888,1.8382352941176405
KRW-1INCH,1인치네트워크,2026-08-26,126.0,121.13333333333334,116.9,120.51666666666667,True,False,-27.714819561784342,-0.7936507936507908,-3.1746031746031744,-0.7936507936507908,-5.555555555555558,0.7936507936507908,-5.555555555555558,0.7936507936507908,-5.555555555555558
KRW-ORCA,오르카,2026-06-21,1792.0,1710.4666666666667,1996.18,1696.3416666666667,False,True,-17.95136265615551,2.2321428571428603,-5.412946428571431,2.2321428571428603,-5.74776785714286,5.74776785714286,-5.74776785714286,5.74776785714286,-6.02678571428571
KRW-MET2,메테오라,2026-06-29,253.0,220.46666666666667,201.46,217.11666666666667,True,False,21.8858374887658,6.719367588932812,-3.1620553359683834,14.229249011857714,-3.1620553359683834,14.229249011857714,-13.833992094861658,14.229249011857714,-24.90118577075099
KRW-FLUID,플루이드,2026-09-01,1765.0,1812.2666666666667,1685.0,1802.525,True,False,-41.065557961776335,-2.436260623229458,-4.249291784702547,-2.436260623229458,-4.249291784702547,-2.436260623229458,-4.249291784702547,-2.436260623229458,-4.249291784702547
KRW-SOL,솔라나,2026-08-25,134300.0,116866.66666666667,112020.0,115557.91666666667,True,False,10.748703240938951,12.285927029039456,5.5845122859270235,12.285927029039456,2.978406552494417,12.285927029039456,2.903946388682055,12.285927029039456,2.903946388682055
KRW-MINA,미나,2026-08-29,87.7,72.65333333333334,64.876,71.22416666666666,True,False,10.012292030169267,10.490307867730909,1.4823261117445696,15.16533637400228,1.4823261117445696,15.16533637400228,1.4823261117445696,15.16533637400228,1.4823261117445696
KRW-MMT,모멘텀,2026-06-20,225.0,185.86666666666667,190.44,185.59166666666667,False,True,-5.592230956553401,28.44444444444445,11.555555555555564,37.33333333333333,11.555555555555564,37.33333333333333,1.777777777777767,37.33333333333333,-4.0000000000000036
KRW-CHIP,유에스디에이아이,2026-09-04,75.1,54.31333333333334,42.966,52.16416666666667,True,False,58.1650971192232,6.125166444740349,6.125166444740349,6.125166444740349,6.125166444740349,6.125166444740349,6.125166444740349,6.125166444740349,6.125166444740349
KRW-GAS,가스,2026-09-05,1702.0,1727.6,1496.48,1718.7333333333333,True,False,-16.87168962823,,,,,,,,
KRW-XEC,이캐시,2026-07-23,0.0107,0.009921999999999999,0.0086344,0.00979875,True,False,-43.61245562265053,-1.869158878504662,-7.476635514018682,-1.869158878504662,-21.495327102803742,-1.869158878504662,-21.495327102803742,-0.9345794392523255,-21.495327102803742
KRW-XEC,이캐시,2026-08-27,0.00986,0.009510666666666667,0.009590999999999999,0.009508916666666667,False,True,-33.57947699962829,-1.8255578093306468,-4.158215010141997,-0.40567951318458695,-4.158215010141997,0.0,-4.158215010141997,0.0,-4.158215010141997
KRW-MON,모나드,2026-08-27,39.1,35.34,32.544000000000004,34.82666666666667,True,False,-18.97452215948372,-2.5575447570332477,-5.626598465473154,-2.5575447570332477,-10.997442455242979,-2.5575447570332477,-12.531969309462909,-2.5575447570332477,-12.531969309462909
KRW-STX,스택스,2026-08-30,324.0,280.53333333333336,231.06,277.4916666666667,True,False,-33.4664483439489,10.802469135802472,7.098765432098775,15.740740740740744,7.098765432098775,15.740740740740744,7.098765432098775,15.740740740740744,7.098765432098775
KRW-BSV,비트코인에스브이,2026-08-20,22280.0,20651.333333333332,19943.6,20537.916666666668,True,False,217.8982261268916,11.938958707360857,4.084380610412919,11.938958707360857,2.603231597845612,11.938958707360857,-3.321364452423703,11.938958707360857,-3.321364452423703
KRW-SYRUP,메이플파이낸스,2026-08-31,258.0,254.73333333333332,244.72,252.99166666666667,True,False,3.896925616132929,12.4031007751938,3.875968992248069,15.503875968992254,3.875968992248069,15.503875968992254,3.875968992248069,15.503875968992254,3.875968992248069
KRW-BTC,비트코인,2026-08-28,107744000.0,100771933.33333333,95304540.0,100382441.66666667,True,False,7.16800732341385,0.9299821799821695,0.26637214137215093,2.953296703296693,-1.2474012474012475,2.953296703296693,-1.2474012474012475,2.953296703296693,-1.2474012474012475
KRW-ZBT,제로베이스,2026-07-08,181.0,183.86666666666667,187.24,183.69166666666666,False,True,-17.525934195245053,4.419889502762442,0.0,13.812154696132595,-25.96685082872928,13.812154696132595,-27.62430939226519,47.513812154696126,-27.62430939226519
KRW-ONG,온톨로지가스,2026-08-24,113.0,82.03999999999999,70.768,80.49666666666667,True,False,-1.6962332425261684,99.11504424778761,17.699115044247794,99.11504424778761,14.15929203539823,99.11504424778761,14.15929203539823,99.11504424778761,14.15929203539823
KRW-ENSO,엔소,2026-08-01,1352.0,1165.2666666666667,1039.94,1150.4666666666667,True,False,38.67598722844476,-2.440828402366868,-4.8816568047337245,5.769230769230771,-5.473372781065089,5.769230769230771,-24.186390532544376,5.769230769230771,-24.186390532544376
KRW-ONT,온톨로지,2026-09-01,75.0,71.5,61.394,70.2375,True,False,-35.59079584923298,3.4666666666666623,-4.0000000000000036,3.4666666666666623,-4.0000000000000036,3.4666666666666623,-4.0000000000000036,3.4666666666666623,-4.0000000000000036
